FILE,Start,FUNCTION_SIGNATURE,ABSmell,LocationSmell,ConstantsSmell,NestingSmell,LOC,LOAC,LOFC,NOFL,NOFC_Dup,NOFC_NonDup,NONEST,NONEG
evalfunc.c,6185,"static void f_has(typval_T * argvars, typval_T * rettv)",164.70557,163.37224,1.136612,0.19672132,634,566,794,183,208,155,36,21
screen.c,3144,"static int win_line(win_T * wp, linenr_T lnum, int startrow, int endrow, int nochange UNUSED, int number_only)",110.70439,109.30322,1.0813954,0.31976745,2480,1576,1987,172,186,22,55,10
version.c,4219,void list_version(void),55.593033,52.030533,1.09375,2.46875,262,213,526,64,70,35,158,24
option.c,6260,"static char * did_set_string_option(int opt_idx, char_u * * varp, int new_value_alloced, char_u * oldval, char * errbuf, int opt_flags, int * value_checked)",53.454384,52.03463,1.1728395,0.24691358,1415,909,1134,81,95,54,20,4
term.c,4406,"int check_termcode(int max_offset, char_u * buf, int bufsize, int * buflen)",53.24275,50.259415,1.2,1.7833333,1195,1001,2332,60,72,23,107,8
ex_getln.c,847,"static char_u * getcmdline_int(int firstc, long count UNUSED, int indent, int init_ccline)",51.48575,50.34117,1.0120482,0.13253012,1319,800,857,83,84,22,11,2
edit.c,144,"int edit(int cmdchar, int startln, long count)",44.367805,43.24435,1.037037,0.086419754,974,520,582,81,84,27,7,1
main.c,455,int vim_main2(void),39.3543,36.327274,1.3243244,1.7027028,275,270,562,37,49,23,63,7
os_unix.c,6047,"int #else static int #endif RealWaitForChar(int fd, long msec, int * check_for_gpm UNUSED, int * interrupted)",38.733555,36.8125,1.0789474,0.84210527,288,279,520,38,41,14,32,6
tag.c,1545,"int find_tags(char_u * pat, int * num_matches, char_u * * * matchesp, int flags, int mincount, char_u * buf_ffname)",37.466835,36.405296,1.0,0.06153846,982,550,568,65,65,7,4,6
option.c,3305,void set_init_1(int clean_arg),34.487804,31.0,1.6097561,1.8780488,328,248,625,41,66,21,77,28
change.c,1427,"int open_line(int dir, int flags, int second_line_indent)",29.80382,28.317333,1.1081082,0.3783784,750,574,666,37,41,8,14,2
option.c,11066,static char_u * get_varp(struct vimoption * p),28.511993,27.390041,1.0731708,0.048780486,241,161,179,41,44,27,2,0
option.c,8528,"static char * set_bool_option(int opt_idx, char_u * varp, int value, int opt_flags)",28.211704,26.948545,1.0,0.2631579,447,317,362,38,38,24,10,0
fileio.c,7410,"char_u * vim_tempname(int extra_char UNUSED, int keep UNUSED)",24.200193,21.06383,1.3181819,1.8181819,141,135,333,22,29,8,40,11
gui.c,2230,"int gui_outstr_nowrap(char_u * s, int len, int flags, guicolor_T fg, guicolor_T bg, int back)",23.709785,21.74312,1.1666666,0.8,327,237,331,30,35,10,24,8
main.c,99,"int #if defined(MSWIN) VimMain #else main #endif(int argc, char * * argv)",22.916256,21.571428,1.2413793,0.10344828,203,151,229,29,36,20,3,4
main.c,3297,static void usage(void),21.708109,20.108109,1.1333333,0.46666667,185,124,176,30,34,25,14,3
gui_gtk_x11.c,3568,int gui_mch_init(void),21.19732,19.742775,1.0909091,0.36363637,346,207,293,33,36,12,12,7
ex_docmd.c,619,"int do_cmdline(char_u * cmdline, char_u *( * fgetline)(int, void *, int, int), void * cookie, int flags)",21.08799,19.97688,1.0,0.11111111,519,384,405,27,27,3,3,3
ui.c,2919,"int jump_to_mouse(int flags, int * inclusive, int which_button)",20.873602,19.591549,1.051282,0.23076923,426,214,253,39,41,10,9,2
term.c,1775,int set_termname(char_u * term),20.674429,19.041096,1.1333333,0.5,219,139,253,30,34,12,15,2
gui.c,481,void gui_init(void),19.450752,17.773333,1.1612903,0.516129,225,129,209,31,36,19,16,5
option.c,5745,void check_buf_options(buf_T * buf),19.261292,18.08738,1.1304348,0.04347826,103,81,94,23,26,18,1,0
misc2.c,1037,void free_all_mem(void),19.01585,17.919075,1.0645162,0.032258064,173,100,109,31,33,27,1,0
os_amiga.c,1179,"int mch_call_shell(char_u * cmd, int options)",18.9134,17.113401,1.0,0.8,194,166,219,20,20,3,16,6
buffer.c,2138,"void free_buf_options(buf_T * buf, int free_p_ff)",18.52137,17.347458,1.1304348,0.04347826,118,89,102,23,26,18,1,0
if_cscope.c,785,static int cs_create_connection(int i),17.61087,15.76087,1.25,0.6,184,145,192,20,25,6,12,9
os_unix.c,438,long_u mch_total_mem(int special UNUSED),17.52692,15.70339,1.117647,0.7058824,118,109,197,17,19,12,12,5
ex_docmd.c,8448,static void ex_mkrc(exarg_T * eap),16.72073,15.510204,1.1052631,0.10526316,196,160,186,19,21,6,2,1
os_unix.c,3787,void check_mouse_termcode(void),16.20229,14.702291,1.0,0.5,131,107,134,18,18,9,9,0
option.c,11525,"void buf_copy_options(buf_T * buf, int flags)",15.766249,14.628318,1.1034483,0.03448276,226,114,127,29,32,20,1,0
ex_cmds2.c,3357,"int do_source(char_u * fname, int check_other, int is_vimrc)",15.295694,13.975695,1.0,0.32,288,161,214,25,25,6,8,3
gui.c,3942,"void gui_drag_scrollbar(scrollbar_T * sb, long value, int still_dragging)",14.74949,13.582823,1.0,0.16666667,163,123,137,18,18,8,3,5
main.c,1611,static void early_arg_scan(mparm_T * parmp UNUSED),14.657408,11.407408,1.4166666,1.8333334,81,77,350,12,17,6,22,4
memfile.c,537,"int mf_sync(memfile_T * mfp, int flags)",14.655462,9.714286,1.7058823,3.235294,105,60,248,17,29,16,55,7
gui_w32.c,4410,"static LRESULT CALLBACK _WndProc(HWND hwnd, UINT uMsg, WPARAM wParam, LPARAM lParam)",14.292673,12.645614,1.1764706,0.47058824,285,212,417,17,20,7,8,1
option.c,4046,void set_init_3(void),14.204942,12.051095,1.0769231,1.0769231,137,127,277,13,14,4,14,2
findfile.c,697,char_u * vim_findfile(void * search_ctx_arg),13.859523,12.716666,1.0476191,0.0952381,360,218,227,21,22,3,2,1
message.c,2964,void mch_errmsg(char * str),13.69697,10.333333,1.9090909,1.4545455,66,62,222,11,21,7,16,6
main.c,1038,"void main_loop(int cmdwin, int noexmode)",13.626497,12.496062,1.0434783,0.08695652,254,138,170,23,24,15,2,0
if_mzsch.c,1025,static int startup_mzscheme(void),12.750759,11.393617,1.0,0.35714287,188,153,206,14,14,7,5,4
memline.c,4587,"static char_u * findswapname(buf_T * buf, char_u * * dirp, char_u * old_fname)",12.736881,11.486881,1.05,0.2,343,197,265,20,21,11,4,3
option.c,11346,"void copy_winopt(winopt_T * from, winopt_T * to)",12.525973,11.454545,1.0,0.071428575,77,63,67,14,14,12,1,0
ex_docmd.c,3346,"char_u * set_one_cmd_context(expand_T * xp, char_u * buff)",12.510367,10.860367,1.05,0.6,709,385,536,20,21,14,12,2
os_unix.c,5956,"static int WaitForCharOrMouse(long msec, int * interrupted, int ignore_input)",12.358696,10.608696,1.1666666,0.5833333,69,61,142,12,14,3,7,2
misc1.c,1768,"void expand_env_esc(char_u * srcp, char_u * dst, int dstlen, int esc, int one, char_u * startstr)",12.218616,10.051949,1.5,0.6666667,231,129,348,18,27,9,12,4
ui.c,2122,void fill_input_buf(int exit_on_error UNUSED),12.12963,9.62963,1.4,1.1,108,104,359,10,14,7,11,3
terminal.c,3467,static void init_default_colors(term_T * term),11.939733,9.296875,1.6428572,1.0,128,85,232,14,23,7,14,3
syntax.c,8367,void set_normal_colors(void),11.772388,7.522388,1.75,2.5,67,63,167,8,14,6,20,0
message.c,3071,void mch_msg(char * str),11.693694,8.027027,2.0,1.6666666,37,33,151,9,18,7,15,5
ex_getln.c,5041,"static int ExpandFromContext(expand_T * xp, char_u * pat, int * num_file, char_u * * * file, int options)",11.691667,9.825,1.0666667,0.8,200,131,176,15,16,11,12,2
os_win32.c,1805,"int mch_inchar(char_u * buf UNUSED, int maxlen UNUSED, long time UNUSED, int tb_change_cnt UNUSED)",11.662841,9.562841,1.2,0.9,183,175,399,10,12,5,9,2
os_unix.c,944,static RETSIGTYPE deathtrap SIGDEFARG(sigarg),11.608204,10.137615,1.0,0.47058824,109,65,91,17,17,11,8,1
os_unix.c,3602,void mch_setmouse(int on),11.194273,9.963504,1.0769231,0.15384616,137,105,117,13,14,10,2,1
term.c,2171,void del_mouse_termcode(int n),11.088146,5.6595745,2.857143,2.5714285,47,38,166,7,20,8,18,0
os_unix.c,4145,"static void set_child_environment(long rows, long columns, char * term, int is_terminal UNUSED)",11.058969,9.513514,1.0,0.54545456,74,64,95,11,11,4,6,2
term.c,2118,"void set_mouse_termcode(int n, char_u * s)",10.970238,5.541667,2.857143,2.5714285,48,38,166,7,20,8,18,0
os_unix.c,7308,"int mch_libcall(char_u * libname, char_u * funcname, char_u * argstring, int argint, char_u * * string_result, int * number_result)",10.96435,9.787879,1.0,0.1764706,132,76,97,17,17,4,3,5
syntax.c,8585,"static void hl_do_font(int idx, char_u * arg, int do_normal, int do_menu UNUSED, int do_tooltip UNUSED, int free_font)",10.884848,8.066667,1.3636364,1.4545455,75,55,155,11,15,7,16,2
ex_cmds.c,1523,"void do_shell(char_u * cmd, int flags)",10.868292,9.268292,1.2,0.4,123,76,128,15,18,6,6,3
gui.c,383,int gui_init_check(void),10.266667,8.333334,1.3333334,0.6,81,45,91,15,20,11,9,7
os_unix.c,3429,void mch_settmode(int tmode),10.239437,8.239436,1.1111112,0.8888889,71,65,97,9,10,6,8,5
gui.c,1448,int gui_get_base_height(void),10.019048,6.6857142,1.5555556,1.7777778,35,26,73,9,14,7,16,2
ex_cmds.c,1937,"void write_viminfo(char_u * file, int forceit)",9.794118,8.5,1.117647,0.1764706,196,98,135,17,19,5,3,4
os_amiga.c,1437,"int mch_expandpath(garray_T * gap, char_u * pat, int flags)",9.52104,8.39604,1.0,0.125,101,53,62,16,16,3,2,5
ex_docmd.c,7868,static void ex_winpos(exarg_T * eap),9.14693,4.7719297,2.625,1.75,57,34,100,8,21,4,14,3
os_unix.c,3219,void mch_free_mem(void),9.075,7.2,1.375,0.5,40,36,77,8,11,7,4,1
normal.c,4677,static void nv_zet(cmdarg_T * cap),8.90645,7.7526045,1.0,0.15384616,384,229,246,13,13,6,2,0
option.c,11437,static void check_winopt(winopt_T * wop UNUSED),8.894895,7.783784,1.0,0.11111111,37,32,36,9,9,9,1,0
option.c,11478,void clear_winopt(winopt_T * wop UNUSED),8.894895,7.783784,1.0,0.11111111,37,32,36,9,9,9,1,0
ex_docmd.c,6763,void ex_splitview(exarg_T * eap),8.69697,7.3333335,1.1818181,0.18181819,102,68,81,11,13,4,2,0
misc1.c,2059,"char_u * vim_getenv(char_u * name, int * mustfree)",8.599891,7.5089817,1.0,0.09090909,167,114,135,11,11,4,1,2
os_unix.c,2903,vim_acl_T mch_get_acl(char_u * fname UNUSED),8.585714,6.2999997,1.0,1.2857143,60,54,175,7,7,4,9,3
ui.c,639,"int ui_get_winpos(int * x, int * y, varnumber_T timeout)",8.42353,3.8235295,3.0,1.6,17,13,58,5,15,5,8,8
move.c,1298,"void scrollup(long line_count, int byfold UNUSED)",8.352657,6.130435,1.2222222,1.0,69,47,114,9,11,2,9,0
os_unix.c,580,"void mch_delay(long msec, int ignoreinput)",8.266667,6.6000004,1.0,0.6666667,60,44,76,9,9,4,6,4
evalfunc.c,3109,"static void f_environ(typval_T * argvars UNUSED, typval_T * rettv)",8.2349205,6.377778,1.0,0.85714287,45,41,66,7,7,2,6,4
channel.c,634,"static void channel_gui_unregister_one(channel_T * channel, ch_part_T part)",8.2,4.2,2.0,2.0,25,21,80,5,10,4,10,2
gui_mac.c,5951,char_u * FullPathFromFSSpec_save(FSSpec file),8.134689,6.75969,1.0,0.375,129,109,131,8,8,1,3,2
channel.c,550,"static void channel_gui_register_one(channel_T * channel, ch_part_T part)",8.130434,4.1304345,2.0,2.0,46,38,162,5,10,4,10,2
ui.c,115,"int ui_inchar(char_u * buf, int maxlen, long wtime, int tb_change_cnt)",8.001587,6.5571427,1.2222222,0.22222222,70,51,87,9,11,6,2,2
gui.c,67,void gui_start(char_u * arg UNUSED),7.976812,6.376812,1.2,0.4,69,44,63,10,12,6,4,0
getchar.c,5343,void init_mappings(void),7.7380953,3.2380953,2.25,2.25,21,17,78,4,9,4,9,1
findfile.c,2612,void simplify_filename(char_u * filename),7.6733336,5.84,1.0,0.8333333,150,146,189,6,6,4,5,2
os_unix.c,2970,"void mch_set_acl(char_u * fname UNUSED, vim_acl_T aclent)",7.376623,5.090909,1.0,1.2857143,22,16,42,7,7,4,9,3
os_unix.c,2993,void mch_free_acl(vim_acl_T aclent),7.376623,5.090909,1.0,1.2857143,22,16,42,7,7,4,9,3
if_cscope.c,2206,"static void cs_release_csp(int i, int freefnpp)",7.372093,5.372093,1.0,1.0,86,66,119,7,7,4,7,3
gui_gtk.c,425,void gui_gtk_register_stock_icons(void),7.161905,4.7619047,1.4,1.0,84,80,187,5,7,2,5,6
gui_x11.c,1295,int gui_mch_init(void),7.131707,5.731707,1.1,0.3,164,94,108,10,11,6,3,3
if_ruby.c,971,static int ensure_ruby_initialized(void),7.089286,5.714286,1.125,0.25,49,35,45,8,9,4,2,2
gui_motif.c,379,void gui_x11_create_widgets(void),7.072485,5.822485,1.0,0.25,169,123,129,8,8,5,2,1
option.c,5932,"static long_u * insecure_flag(int opt_idx, int opt_flags)",7.0714283,4.0714283,1.6666666,1.3333334,28,19,45,6,10,6,8,0
evalfunc.c,9929,"static void f_resolve(typval_T * argvars, typval_T * rettv)",7.042424,5.7090907,1.0,0.33333334,165,157,298,6,6,2,2,2
os_unix.c,1382,"static void catch_signals(RETSIGTYPE( * func_deadly)(), RETSIGTYPE( * func_other)())",7.0392156,3.7058823,2.0,1.3333334,34,21,76,6,12,5,8,3
mbyte.c,4943,static void im_preedit_window_open(),7.0360613,4.893204,2.0,0.14285715,103,72,169,7,14,2,1,5
fileio.c,5308,static int buf_write_bytes(struct bw_info * ip),6.804508,5.429508,1.0,0.375,305,207,242,8,8,7,3,0
os_unix.c,1238,void mch_suspend(void),6.6857142,4.285714,1.6,0.8,28,24,66,5,8,5,4,3
misc1.c,2869,int vim_ispathsep(int c),6.666667,4.666667,1.0,1.0,18,14,33,6,6,3,6,3
gui_gtk.c,687,"void gui_mch_add_menu_item(vimmenu_T * menu, int idx)",6.529762,4.958333,1.0,0.5714286,96,68,106,7,7,2,4,3
syntax.c,9491,static void set_hl_attr(int idx),6.4084034,4.6941175,1.0,0.71428573,85,57,84,7,7,5,5,0
gui_gtk_x11.c,6348,"void gui_mch_clear_block(int row1arg, int col1arg, int row2arg, int col2arg)",6.3537416,5.020408,1.0,0.33333334,49,41,53,6,6,1,2,3
gui_motif.c,1250,"void gui_mch_add_menu_item(vimmenu_T * menu, int idx)",6.2515264,4.965812,1.0,0.2857143,117,83,92,7,7,5,2,0
evalfunc.c,9575,"static void f_remote_peek(typval_T * argvars UNUSED, typval_T * rettv)",6.2,4.6,1.0,0.6,50,46,66,5,5,2,3,2
main.c,3705,static void prepare_server(mparm_T * parmp),6.1823525,3.3823528,1.2,1.6,34,23,56,5,6,4,8,1
term.c,2722,void out_str_cf(char_u * s),6.111111,4.7777777,1.0,0.33333334,54,43,59,6,6,3,2,2
gui_gtk_x11.c,6036,"void gui_mch_invert_rectangle(int r, int c, int nr, int nc)",6.109756,3.609756,1.5,1.0,41,37,48,4,6,3,4,2
gui_mac.c,2852,"void gui_mch_prepare(int * argc, char * * argv)",6.099617,4.6551723,1.0,0.44444445,58,30,49,9,9,4,4,6
fileio.c,2962,"static void set_file_time(char_u * fname, time_t atime, time_t mtime)",6.053846,3.653846,1.4,1.0,26,19,58,5,7,4,5,2
gui_motif.c,764,void gui_mch_enable_menu(int flag),6.0190477,4.6857142,1.0,0.33333334,105,82,110,6,6,2,2,0
misc1.c,3964,"int gen_expand_wildcards(int num_pat, char_u * * pat, int * num_file, char_u * * * file, int flags)",5.944444,4.833333,1.0,0.11111111,108,58,62,9,9,4,1,1
gui.c,1360,static void gui_position_components(int total_width UNUSED),5.928571,3.5,2.2857144,0.14285715,58,29,82,7,16,10,1,2
pty.c,168,int setup_slavepty(int fd),5.894737,1.8947368,3.0,1.0,19,12,84,3,9,9,3,4
buffer.c,4805,char_u * fix_fname(char_u * fname),5.7999997,4.2,1.0,0.6,25,21,32,5,5,4,3,1
if_python.c,873,void python_end(void),5.7916665,4.125,1.0,0.6666667,32,22,35,6,6,2,4,3
pty.c,147,static void initmaster(int f UNUSED),5.75,3.75,1.0,1.0,16,12,26,5,5,4,5,2
main.c,1559,static void init_locale(void),5.6187496,4.21875,1.2,0.2,32,27,33,5,6,6,1,0
mark.c,139,void setpcmark(void),5.490909,4.090909,1.0,0.4,44,36,51,5,5,3,2,0
mbyte.c,4458,char_u * enc_locale(void),5.3599997,3.36,1.25,0.75,25,21,31,4,5,4,3,1
os_win32.c,6376,"void mch_delay(long msec, int ignoreinput UNUSED)",5.333333,3.3333333,1.5,0.5,36,30,84,4,6,3,2,3
gui_gtk.c,1177,"char_u * gui_mch_browse(int saving UNUSED, char_u * title, char_u * dflt, char_u * ext UNUSED, char_u * initdir, char_u * filter)",5.3256197,3.9256196,1.0,0.4,121,95,104,5,5,2,2,2
normal.c,5382,static void nv_clear(cmdarg_T * cap),5.3185186,3.5185184,1.4,0.4,27,19,41,5,7,6,2,1
edit.c,4203,static void ins_reg(void),5.295977,4.045977,1.0,0.25,87,44,51,8,8,4,2,0
os_unix.c,789,static void init_signal_stack(void),5.282609,2.7826087,1.5,1.0,23,16,29,4,6,2,4,2
syntax.c,8265,void restore_cterm_colors(void),5.272727,3.2727273,1.5,0.5,22,18,49,4,6,4,2,3
regexp_nfa.c,2891,"static void st_error(int * postfix UNUSED, int * end UNUSED, int * p UNUSED)",5.25,3.5,1.0,0.75,40,35,59,4,4,2,3,1
gui_x11.c,1577,int gui_mch_open(void),5.1631203,3.8297873,1.1666666,0.16666667,47,30,41,6,7,7,1,0
channel.c,1407,static int can_write_buf_line(channel_T * channel),5.157895,3.1578948,1.0,1.0,57,45,92,4,4,3,4,2
ex_cmds2.c,4355,char_u * get_mess_lang(void),5.15,3.75,1.0,0.4,24,18,25,5,5,3,2,2
normal.c,7446,static void nv_pcmark(cmdarg_T * cap),5.1444445,3.6444445,1.0,0.5,45,41,53,4,4,2,2,1
ex_docmd.c,7341,static void ex_popup(exarg_T * eap),5.142857,2.142857,2.0,1.0,14,10,26,3,6,3,3,0
eval.c,4241,"static int eval6(char_u * * arg, typval_T * rettv, int evaluate, int want_string)",5.1204967,3.8347828,1.0,0.2857143,115,63,79,7,7,2,2,1
os_unix.c,2021,static void set_x11_title(char_u * title),5.103704,3.7037036,1.0,0.4,27,20,32,5,5,3,2,2
os_unix.c,2060,static void set_x11_icon(char_u * icon),5.103704,3.7037036,1.0,0.4,27,20,32,5,5,3,2,2
ops.c,4095,int preprocs_left(void),5.0882354,2.5882354,1.5,1.0,17,11,23,4,6,2,4,1
gui.c,3069,"void gui_send_mouse_event(int button, int x, int y, int repeated_click, int_u modifiers)",5.0404434,3.6118722,1.1428572,0.2857143,219,113,123,7,8,6,2,0
option.c,10859,void comp_col(void),5.029412,3.5294118,1.0,0.5,34,30,37,4,4,2,2,2
ui.c,27,"void ui_write(char_u * s, int len)",5.0,3.5,1.0,0.5,32,28,41,4,4,3,2,3
ex_cmds.c,2235,static char_u * viminfo_filename(char_u * file),4.977778,2.777778,1.0,1.2,36,20,38,5,5,3,6,2
gui_gtk.c,1335,"char_u * gui_mch_browsedir(char_u * title, char_u * initdir)",4.9666667,3.4666667,1.0,0.5,45,39,48,4,4,2,2,2
screen.c,11085,void showruler(int always),4.95,3.75,1.0,0.2,32,24,28,5,5,4,1,0
os_unix.c,3554,"int get_tty_info(int fd, ttyinfo_T * info)",4.9444447,3.4444444,1.0,0.5,36,31,38,4,4,2,2,2
syntax.c,8315,static void highlight_clear(int idx),4.9333334,3.3333335,1.4,0.2,42,28,42,5,7,4,1,0
main.c,2551,static void check_tty(mparm_T * parmp),4.885185,2.685185,1.6,0.6,54,29,86,5,8,7,3,1
channel.c,3223,"static channel_wait_result channel_wait(channel_T * channel, sock_T fd, int timeout)",4.85,3.6,1.0,0.25,90,81,87,4,4,3,1,1
term.c,3813,void setmouse(void),4.8397436,3.5897436,1.0,0.25,39,35,39,4,4,3,1,0
evalfunc.c,9630,"static void f_remote_read(typval_T * argvars UNUSED, typval_T * rettv)",4.8166666,3.0666666,1.0,0.75,30,23,37,4,4,2,3,1
ui.c,1899,int clip_gen_owner_exists(Clipboard_T * cbd UNUSED),4.8095236,2.142857,2.0,0.6666667,14,10,32,3,6,3,2,1
evalfunc.c,9682,"static void f_remote_startserver(typval_T * argvars UNUSED, typval_T * rettv UNUSED)",4.772727,3.2727273,1.0,0.5,22,18,26,4,4,2,2,2
menu.c,2022,"static void gui_update_menus_recurse(vimmenu_T * menu, int mode)",4.75,2.0,2.25,0.5,30,15,41,4,9,5,2,1
netbeans.c,2337,void ex_nbstart(exarg_T * eap),4.7,1.2,2.0,1.5,15,9,30,2,4,4,3,3
gui_gtk_x11.c,6153,"void gui_mch_draw_part_cursor(int w, int h, guicolor_T color)",4.6764708,3.1764705,1.0,0.5,34,27,34,4,4,2,2,1
ex_docmd.c,8218,static void ex_redir(exarg_T * eap),4.5333333,3.3333335,1.0,0.2,105,70,74,5,5,3,1,0
misc1.c,1523,void vim_beep(unsigned val),4.5128202,3.3461537,1.0,0.16666667,52,29,32,6,6,5,1,0
main.c,3609,static void set_progpath(char_u * argv0),4.5,3.25,1.0,0.25,32,26,37,4,4,2,1,1
ui.c,495,int ui_char_avail(void),4.45,3.2,1.0,0.25,20,16,21,4,4,3,1,2
term.c,3524,void settmode(int tmode),4.427536,3.2608695,1.0,0.16666667,46,25,28,6,6,4,1,0
gui_gtk_x11.c,2995,static int get_menu_tool_width(void),4.416667,2.6666667,1.0,0.75,18,12,22,4,4,4,3,0
gui_motif.c,3387,void gui_motif_menu_fontlist(Widget id UNUSED),4.387597,2.7209303,1.0,0.6666667,43,39,77,3,3,2,2,1
evalfunc.c,9355,"static void f_reltime(typval_T * argvars UNUSED, typval_T * rettv UNUSED)",4.3508773,2.6842105,1.0,0.6666667,38,34,42,3,3,2,2,1
memline.c,967,"static void set_b0_fname(ZERO_BL * b0p, buf_T * buf)",4.3272724,2.7272727,1.4,0.2,55,30,59,5,7,4,1,1
evalfunc.c,12888,"static void f_synIDattr(typval_T * argvars UNUSED, typval_T * rettv)",4.315789,1.8157895,1.5,1.0,76,69,79,2,3,3,2,0
os_mswin.c,603,void display_errors(void),4.291667,2.625,1.3333334,0.33333334,32,28,34,3,4,2,1,1
regexp_nfa.c,6973,"static long nfa_regtry(nfa_regprog_T * prog, colnr_T col, proftime_T * tm UNUSED, int * timed_out UNUSED)",4.2701144,3.1034482,1.0,0.16666667,116,60,63,6,6,4,1,0
os_mswin.c,1077,"static PDP_RETVAL CALLBACK PrintDlgProc(HWND hDlg, UINT message, WPARAM wParam UNUSED, LPARAM lParam UNUSED)",4.257143,2.857143,1.2,0.2,63,36,45,5,6,3,1,1
if_mzsch.c,986,"static int mzscheme_env_main(Scheme_Env * env, int argc UNUSED, char * * argv UNUSED)",4.236842,2.7368422,1.0,0.5,19,13,24,4,4,2,2,2
option.c,6129,"static char * set_string_option(int opt_idx, char_u * value, int opt_flags)",4.1577463,2.9577465,1.0,0.2,71,42,45,5,5,2,1,0
getchar.c,3119,"int fix_input_buffer(char_u * buf, int len)",4.12766,2.1276596,1.5,0.5,47,25,52,4,6,3,2,2
evalfunc.c,9550,"static void f_remote_foreground(typval_T * argvars UNUSED, typval_T * rettv UNUSED)",4.095238,2.4285715,1.0,0.6666667,21,17,33,3,3,2,2,1
misc1.c,2837,char_u * get_past_head(char_u * path),4.0454545,2.5454545,1.0,0.5,22,14,23,4,4,2,2,2
gui_athena.c,893,static void gui_athena_menu_font(Widget id),4.025641,2.6923077,1.0,0.33333334,39,35,41,3,3,2,1,1
os_mswin.c,272,"void mch_settitle(char_u * title, char_u * icon)",3.9743588,2.3076923,1.3333334,0.33333334,26,20,34,3,4,2,1,1
menu.c,1041,static void free_menu(vimmenu_T * * menup),3.9419355,2.7419355,1.0,0.2,31,17,20,5,5,4,1,0
os_unix.c,4280,"void may_send_sigint(int c UNUSED, pid_t pid UNUSED, pid_t wpid UNUSED)",3.9166667,2.25,1.0,0.6666667,16,12,18,3,3,2,2,1
evalfunc.c,10870,"static void f_server2client(typval_T * argvars UNUSED, typval_T * rettv)",3.871795,2.5384617,1.0,0.33333334,26,22,27,3,3,2,1,1
os_mswin.c,252,int mch_input_isatty(void),3.8666666,2.2,1.3333334,0.33333334,15,11,19,3,4,2,1,1
os_unix.c,3192,void mch_early_init(void),3.8666666,2.2,1.3333334,0.33333334,15,11,18,3,4,4,1,0
message.c,2550,int msg_use_printf(void),3.8333333,1.5,1.6666666,0.6666667,14,7,27,3,5,3,2,2
os_win32.c,2778,"int mch_check_win(int argc UNUSED, char * * argv UNUSED)",3.8333333,1.8333333,1.6666666,0.33333334,18,11,28,3,5,2,1,3
gui_photon.c,1102,int gui_mch_init(void),3.8086956,2.6086955,1.0,0.2,115,60,76,5,5,4,1,2
term.c,3611,void stoptermcap(void),3.807143,2.057143,1.0,0.75,35,18,28,4,4,4,3,0
gui_motif.c,1520,"static void submenu_change(vimmenu_T * menu, int colors)",3.7115386,2.4615386,1.0,0.25,65,40,51,4,4,3,1,0
misc1.c,2373,"char_u * get_env_name(expand_T * xp UNUSED, int idx)",3.6904762,2.357143,1.0,0.33333334,28,22,26,3,3,2,1,2
os_unix.c,3955,int mch_get_shellsize(void),3.6813726,2.4313726,1.0,0.25,51,31,45,4,4,3,1,1
fileio.c,3000,"int check_file_readonly(char_u * fname, int perm)",3.65,2.4,1.0,0.25,20,12,16,4,4,2,1,2
memline.c,2102,"struct tm * vim_localtime(const time_t * timep, struct tm * result)",3.5151515,2.1818182,1.0,0.33333334,22,16,28,3,3,2,1,1
beval.c,146,"void post_balloon(BalloonEval * beval UNUSED, char_u * mesg, list_T * list UNUSED)",3.4761903,2.142857,1.0,0.33333334,14,10,13,3,3,3,1,0
ui.c,1827,int clip_gen_own_selection(Clipboard_T * cbd),3.4761903,2.142857,1.0,0.33333334,14,10,16,3,3,2,1,1
ui.c,1842,void clip_gen_lose_selection(Clipboard_T * cbd),3.4761903,2.142857,1.0,0.33333334,14,10,16,3,3,2,1,1
ui.c,1883,void clip_gen_request_selection(Clipboard_T * cbd),3.4761903,2.142857,1.0,0.33333334,14,10,16,3,3,2,1,1
gui.c,176,static void gui_attempt_start(void),3.4666667,1.8000001,1.3333334,0.33333334,25,15,33,3,4,3,1,0
os_win32.c,6449,void mch_breakcheck(int force),3.4666667,1.4666667,1.5,0.5,15,11,25,2,3,2,1,1
os_beos.c,82,"int beos_select(int nbits, struct fd_set * rbits, struct fd_set * wbits, struct fd_set * ebits, struct timeval * timeout)",3.4597702,1.7931035,1.0,0.6666667,87,52,67,3,3,2,2,0
menu.c,2611,void ex_menutranslate(exarg_T * eap UNUSED),3.378788,1.8787879,1.0,0.5,66,62,65,2,2,2,1,0
evalfunc.c,5433,"static void f_getmatches(typval_T * argvars UNUSED, typval_T * rettv UNUSED)",3.3644068,1.8644068,1.0,0.5,59,55,63,2,2,2,1,0
evalfunc.c,10899,"static void f_serverlist(typval_T * argvars UNUSED, typval_T * rettv)",3.3541667,1.6875,1.0,0.6666667,16,9,17,3,3,2,2,1
gui_gtk.c,920,void gui_mch_destroy_menu(vimmenu_T * menu),3.276423,1.6097562,1.0,0.6666667,41,22,36,3,3,2,2,1
os_win32.c,7251,static void vtp_flag_init(void),3.25,1.25,1.5,0.5,24,15,33,2,3,2,1,1
beval.c,167,int can_use_beval(void),3.2083333,1.875,1.0,0.33333334,16,10,13,3,3,3,1,0
os_mswin.c,309,void mch_restore_title(int which UNUSED),3.2,1.2,1.5,0.5,10,6,15,2,3,2,1,1
if_cscope.c,1065,"static int cs_find_common(char * opt, char * pat, int forceit, int verbose, int use_ll UNUSED, char_u * cmdline UNUSED)",3.1091955,1.7758622,1.0,0.33333334,174,103,107,3,3,2,1,0
gui_w32.c,1344,"void gui_mch_set_text_area_pos(int x, int y, int w, int h)",3.0752687,1.7419355,1.0,0.33333334,31,18,22,3,3,2,1,0
ex_cmds2.c,1093,"int check_changed(buf_T * buf, int flags)",3.0731707,1.0731708,1.5,0.5,41,22,47,2,3,3,1,0
gui_athena.c,1143,"void gui_mch_add_menu_item(vimmenu_T * menu, int idx UNUSED)",2.9311593,1.597826,1.0,0.33333334,92,49,52,3,3,3,1,0
